site,engagement_date
"Unity Square Community Center, New Brunswick",2023-11-03
"Unity Square Community Center, New Brunswick",2023-12-06
"Unity Square Community Center, New Brunswick",2023-06-08
"Unity Square Community Center, New Brunswick",2023-10-12
"Unity Square Community Center, New Brunswick",2023-11-09
"Unity Square Community Center, New Brunswick",2023-12-25
"Unity Square Community Center, New Brunswick",2023-11-15
"Unity Square Community Center, New Brunswick",2023-07-30
"Unity Square Community Center, New Brunswick",2023-11-05
"Unity Square Community Center, New Brunswick",2023-07-30
"Unity Square Community Center, New Brunswick",2023-07-22
"Unity Square Community Center, New Brunswick",2023-10-27
"Unity Square Community Center, New Brunswick",2023-08-19
"Unity Square Community Center, New Brunswick",2023-08-19
"Unity Square Community Center, New Brunswick",2023-10-11
"Unity Square Community Center, New Brunswick",2023-07-17
"Unity Square Community Center, New Brunswick",2023-07-04
"Unity Square Community Center, New Brunswick",2023-09-13
"Unity Square Community Center, New Brunswick",2023-07-09
"Unity Square Community Center, New Brunswick",2023-11-24
"Unity Square Community Center, New Brunswick",2023-11-15
"Unity Square Community Center, New Brunswick",2024-01-13
"Unity Square Community Center, New Brunswick",2023-07-10
"Unity Square Community Center, New Brunswick",2023-11-27
"Unity Square Community Center, New Brunswick",2023-06-05
"Unity Square Community Center, New Brunswick",2023-10-27
"Unity Square Community Center, New Brunswick",2023-07-15
"Unity Square Community Center, New Brunswick",2023-11-21
"Unity Square Community Center, New Brunswick",2023-06-19
"Unity Square Community Center, New Brunswick",2023-06-11
"Unity Square Community Center, New Brunswick",2023-08-07
"Unity Square Community Center, New Brunswick",2023-08-24
"Unity Square Community Center, New Brunswick",2023-11-30
"Unity Square Community Center, New Brunswick",2023-07-17
"Unity Square Community Center, New Brunswick",2023-12-06
"Unity Square Community Center, New Brunswick",2023-09-27
"Unity Square Community Center, New Brunswick",2023-06-18
"Unity Square Community Center, New Brunswick",2024-01-15
"Unity Square Community Center, New Brunswick",2023-10-15
"Unity Square Community Center, New Brunswick",2023-12-22
"Unity Square Community Center, New Brunswick",2023-06-22
"Unity Square Community Center, New Brunswick",2023-09-17
"Unity Square Community Center, New Brunswick",2023-07-15
"Unity Square Community Center, New Brunswick",2023-10-02
"Unity Square Community Center, New Brunswick",2023-12-06
"Unity Square Community Center, New Brunswick",2023-12-21
"Unity Square Community Center, New Brunswick",2024-01-20
"Unity Square Community Center, New Brunswick",2023-08-02
"Unity Square Community Center, New Brunswick",2023-08-05
"Unity Square Community Center, New Brunswick",2023-12-02
"Unity Square Community Center, New Brunswick",2023-12-04
"Unity Square Community Center, New Brunswick",2023-08-19
"Unity Square Community Center, New Brunswick",2023-08-22
"Unity Square Community Center, New Brunswick",2023-07-17
"Unity Square Community Center, New Brunswick",2023-12-06
"Unity Square Community Center, New Brunswick",2023-06-27
"Unity Square Community Center, New Brunswick",2023-10-15
"Unity Square Community Center, New Brunswick",2023-09-01
"Unity Square Community Center, New Brunswick",2023-10-10
"Unity Square Community Center, New Brunswick",2024-01-08
"Unity Square Community Center, New Brunswick",2023-12-12
"Unity Square Community Center, New Brunswick",2024-01-04
"Unity Square Community Center, New Brunswick",2023-11-15
"Unity Square Community Center, New Brunswick",2023-09-11
"Unity Square Community Center, New Brunswick",2024-01-19
"Unity Square Community Center, New Brunswick",2023-10-13
"Unity Square Community Center, New Brunswick",2023-08-27
"Unity Square Community Center, New Brunswick",2023-12-23
"Unity Square Community Center, New Brunswick",2024-01-16
"Unity Square Community Center, New Brunswick",2023-09-23
"Unity Square Community Center, New Brunswick",2023-12-16
"Unity Square Community Center, New Brunswick",2023-09-27
"Unity Square Community Center, New Brunswick",2023-09-27
"Unity Square Community Center, New Brunswick",2023-10-05
"Unity Square Community Center, New Brunswick",2023-09-29
"Unity Square Community Center, New Brunswick",2024-01-01
"Unity Square Community Center, New Brunswick",2024-01-03
"Unity Square Community Center, New Brunswick",2023-12-08
"Unity Square Community Center, New Brunswick",2023-10-19
"Unity Square Community Center, New Brunswick",2023-06-28
"Unity Square Community Center, New Brunswick",2023-08-21
"Unity Square Community Center, New Brunswick",2023-07-04
"Unity Square Community Center, New Brunswick",2023-06-10
"Unity Square Community Center, New Brunswick",2023-10-30
"Unity Square Community Center, New Brunswick",2023-08-11
"Unity Square Community Center, New Brunswick",2023-06-19
"Unity Square Community Center, New Brunswick",2023-07-23
"Unity Square Community Center, New Brunswick",2023-06-16
"Unity Square Community Center, New Brunswick",2023-07-01
"Unity Square Community Center, New Brunswick",2023-09-28
"Unity Square Community Center, New Brunswick",2023-11-09
"Middlesex College Resource Hub, Edison",2023-12-07
"Middlesex College Resource Hub, Edison",2023-09-03
"Middlesex College Resource Hub, Edison",2023-11-25
"Middlesex College Resource Hub, Edison",2023-06-23
"Middlesex College Resource Hub, Edison",2023-07-01
"Middlesex College Resource Hub, Edison",2023-08-18
"Middlesex College Resource Hub, Edison",2023-10-31
"Middlesex College Resource Hub, Edison",2023-07-04
"Middlesex College Resource Hub, Edison",2023-06-01
"Middlesex College Resource Hub, Edison",2023-10-22
"Middlesex College Resource Hub, Edison",2023-09-06
"Middlesex College Resource Hub, Edison",2023-09-11
"Middlesex College Resource Hub, Edison",2023-09-09
"Middlesex College Resource Hub, Edison",2024-01-11
"Middlesex College Resource Hub, Edison",2023-06-28
"Middlesex College Resource Hub, Edison",2023-10-25
"Middlesex College Resource Hub, Edison",2023-12-01
"Middlesex College Resource Hub, Edison",2023-12-01
"Middlesex College Resource Hub, Edison",2023-06-21
"Middlesex College Resource Hub, Edison",2023-08-20
"Middlesex College Resource Hub, Edison",2024-01-17
"Middlesex College Resource Hub, Edison",2023-11-29
"Middlesex College Resource Hub, Edison",2024-01-08
"Middlesex College Resource Hub, Edison",2023-11-24
"Middlesex College Resource Hub, Edison",2023-06-17
"Middlesex College Resource Hub, Edison",2024-01-24
"Middlesex College Resource Hub, Edison",2023-12-18
"Middlesex College Resource Hub, Edison",2023-11-06
"Middlesex College Resource Hub, Edison",2023-06-01
"Middlesex College Resource Hub, Edison",2024-01-06
"Middlesex College Resource Hub, Edison",2023-12-31
"First Presbyterian Church of Metuchen, Metuchen",2023-12-26
"First Presbyterian Church of Metuchen, Metuchen",2023-08-11
"First Presbyterian Church of Metuchen, Metuchen",2024-01-07
"First Presbyterian Church of Metuchen, Metuchen",2023-06-02
"First Presbyterian Church of Metuchen, Metuchen",2023-10-16
"First Presbyterian Church of Metuchen, Metuchen",2023-12-02
"First Presbyterian Church of Metuchen, Metuchen",2023-07-24
"First Presbyterian Church of Metuchen, Metuchen",2024-01-19
"First Presbyterian Church of Metuchen, Metuchen",2023-10-19
"First Presbyterian Church of Metuchen, Metuchen",2023-07-10
"First Presbyterian Church of Metuchen, Metuchen",2024-01-08
"First Presbyterian Church of Metuchen, Metuchen",2023-07-01
"First Presbyterian Church of Metuchen, Metuchen",2024-01-20
"First Presbyterian Church of Metuchen, Metuchen",2024-01-22
"First Presbyterian Church of Metuchen, Metuchen",2024-01-14
"First Presbyterian Church of Metuchen, Metuchen",2023-08-17
"First Presbyterian Church of Metuchen, Metuchen",2023-09-14
"First Presbyterian Church of Metuchen, Metuchen",2023-11-29
"First Presbyterian Church of Metuchen, Metuchen",2023-12-11
"First Presbyterian Church of Metuchen, Metuchen",2023-07-21
"First Presbyterian Church of Metuchen, Metuchen",2023-09-26
"First Presbyterian Church of Metuchen, Metuchen",2023-09-01
"First Presbyterian Church of Metuchen, Metuchen",2023-11-14
"First Presbyterian Church of Metuchen, Metuchen",2023-12-03
"First Presbyterian Church of Metuchen, Metuchen",2023-09-12
"First Presbyterian Church of Metuchen, Metuchen",2024-01-01
"First Presbyterian Church of Metuchen, Metuchen",2023-08-12
"First Presbyterian Church of Metuchen, Metuchen",2023-11-29
"First Presbyterian Church of Metuchen, Metuchen",2023-09-15
"First Presbyterian Church of Metuchen, Metuchen",2023-06-26
"First Presbyterian Church of Metuchen, Metuchen",2023-08-13
"First Presbyterian Church of Metuchen, Metuchen",2023-12-19
"First Presbyterian Church of Metuchen, Metuchen",2023-09-10
"First Presbyterian Church of Metuchen, Metuchen",2023-12-07
"First Presbyterian Church of Metuchen, Metuchen",2023-11-10
"First Presbyterian Church of Metuchen, Metuchen",2023-09-08
"First Presbyterian Church of Metuchen, Metuchen",2023-07-19
"First Presbyterian Church of Metuchen, Metuchen",2023-11-21
"First Presbyterian Church of Metuchen, Metuchen",2023-11-10
"First Presbyterian Church of Metuchen, Metuchen",2023-08-15
"First Presbyterian Church of Metuchen, Metuchen",2023-06-18
"Center for Support, Success & Prosperity, Perth Amboy",2023-09-02
"Center for Support, Success & Prosperity, Perth Amboy",2023-06-01
"Center for Support, Success & Prosperity, Perth Amboy",2023-12-03
"Center for Support, Success & Prosperity, Perth Amboy",2023-07-26
"Center for Support, Success & Prosperity, Perth Amboy",2023-09-03
"Center for Support, Success & Prosperity, Perth Amboy",2023-07-19
"Center for Support, Success & Prosperity, Perth Amboy",2024-01-06
"Center for Support, Success & Prosperity, Perth Amboy",2023-12-17
"Center for Support, Success & Prosperity, Perth Amboy",2024-01-11
"Center for Support, Success & Prosperity, Perth Amboy",2023-11-29
"Center for Support, Success & Prosperity, Perth Amboy",2023-06-30
"Center for Support, Success & Prosperity, Perth Amboy",2023-11-07
"Center for Support, Success & Prosperity, Perth Amboy",2023-09-18
"Center for Support, Success & Prosperity, Perth Amboy",2023-11-17
"Center for Support, Success & Prosperity, Perth Amboy",2023-11-14
"Center for Support, Success & Prosperity, Perth Amboy",2023-11-07
"Center for Support, Success & Prosperity, Perth Amboy",2023-10-29
"Center for Support, Success & Prosperity, Perth Amboy",2023-12-16
"Center for Support, Success & Prosperity, Perth Amboy",2023-12-26
"Center for Support, Success & Prosperity, Perth Amboy",2023-10-07
"Center for Support, Success & Prosperity, Perth Amboy",2023-06-01
"Center for Support, Success & Prosperity, Perth Amboy",2023-06-05
"Center for Support, Success & Prosperity, Perth Amboy",2023-06-09
"Center for Support, Success & Prosperity, Perth Amboy",2023-12-25
"Center for Support, Success & Prosperity, Perth Amboy",2023-09-18
"Center for Support, Success & Prosperity, Perth Amboy",2023-09-21
"Center for Support, Success & Prosperity, Perth Amboy",2023-08-07
"Center for Support, Success & Prosperity, Perth Amboy",2024-01-09
"Center for Support, Success & Prosperity, Perth Amboy",2023-07-28
"Center for Support, Success & Prosperity, Perth Amboy",2024-01-01
"Center for Support, Success & Prosperity, Perth Amboy",2023-11-08
"Center for Support, Success & Prosperity, Perth Amboy",2023-09-04
"Center for Support, Success & Prosperity, Perth Amboy",2023-11-06
"Center for Support, Success & Prosperity, Perth Amboy",2024-01-10
"Center for Support, Success & Prosperity, Perth Amboy",2023-06-16
"Center for Support, Success & Prosperity, Perth Amboy",2023-06-15
"Center for Support, Success & Prosperity, Perth Amboy",2023-07-12
"Center for Support, Success & Prosperity, Perth Amboy",2023-11-06
"Center for Support, Success & Prosperity, Perth Amboy",2023-10-04
"Center for Support, Success & Prosperity, Perth Amboy",2023-11-11
"Center for Support, Success & Prosperity, Perth Amboy",2023-09-06
"Center for Support, Success & Prosperity, Perth Amboy",2023-12-19
"Center for Support, Success & Prosperity, Perth Amboy",2023-09-21
"Center for Support, Success & Prosperity, Perth Amboy",2023-09-22
"Center for Support, Success & Prosperity, Perth Amboy",2023-09-24
"Center for Support, Success & Prosperity, Perth Amboy",2023-07-28
"Center for Support, Success & Prosperity, Perth Amboy",2024-01-21
"Center for Support, Success & Prosperity, Perth Amboy",2023-06-11
"Center for Support, Success & Prosperity, Perth Amboy",2023-06-07
"Center for Support, Success & Prosperity, Perth Amboy",2023-09-21
"Center for Support, Success & Prosperity, Perth Amboy",2023-11-13
"Center for Support, Success & Prosperity, Perth Amboy",2023-09-17
"Center for Support, Success & Prosperity, Perth Amboy",2023-12-07
"Center for Support, Success & Prosperity, Perth Amboy",2023-08-25
"Center for Support, Success & Prosperity, Perth Amboy",2023-07-26
"Center for Support, Success & Prosperity, Perth Amboy",2023-10-31
"Center for Support, Success & Prosperity, Perth Amboy",2023-07-29
"Center for Support, Success & Prosperity, Perth Amboy",2023-10-06
"Center for Support, Success & Prosperity, Perth Amboy",2023-10-31
"Center for Support, Success & Prosperity, Perth Amboy",2023-06-28
"Center for Support, Success & Prosperity, Perth Amboy",2023-07-25
"Center for Support, Success & Prosperity, Perth Amboy",2023-06-12
"Center for Support, Success & Prosperity, Perth Amboy",2023-07-21
"Center for Support, Success & Prosperity, Perth Amboy",2023-12-31
"Center for Support, Success & Prosperity, Perth Amboy",2023-06-03
"Center for Support, Success & Prosperity, Perth Amboy",2023-11-26
"Center for Support, Success & Prosperity, Perth Amboy",2023-07-13
"Center for Support, Success & Prosperity, Perth Amboy",2023-09-20
"Center for Support, Success & Prosperity, Perth Amboy",2023-06-02
"Center for Support, Success & Prosperity, Perth Amboy",2023-09-28
"Center for Support, Success & Prosperity, Perth Amboy",2024-01-10
